{
    "Trakt And Debrid Settings": {
        "icon": "https://the666mafia.com/pics/authpics/all.png",
        "items": [			
            {
                "name": "[COLOR lightgreen]Authenticate Real Debrid",
                "url": "RunScript(script.module.accountmgr, action=realdebridAuth)"
            },
            {
                "name": "[COLOR orange]Authenticate Premiumize",
                "url": "RunScript(script.module.accountmgr, action=premiumizeAuth)"
            },
            {
                "name": "[COLOR yellow]Authenticate All Debrid",
                "url": "RunScript(script.module.accountmgr, action=alldebridAuth)"
            },
            {
                "name": "[COLOR red]Authenticate TRAKT",
                "url": "RunScript(script.module.accountmgr, action=traktAuth)"
            },	
            {
                "name": "[COLOR green]Authenticate TorBox",
                "url": "RunScript(script.module.accountmgr, action=torboxAuth)"
            },		
            {
                "name": "[COLOR blue]Authenticate Easy Debrid",
                "url": "RunScript(script.module.accountmgr, action=easydebridAuth)"
            },				
            {
                "name": "[COLOR lightblue]Authenticate Offcloud",
                "url": "RunScript(script.module.accountmgr, action=offcloudAuth)"
			},				
            {
                "name": "[COLOR lightgreen]Re-Sync Debrid Accounts",
                "url": "RunScript(script.module.accountmgr, action=ReSyncAll)"
            },	
            {
                "name": "[COLOR red]Re-Sync TRAKT Accounts",
                "url": "RunScript(script.module.accountmgr, action=traktReSync)"
            },				
            {
                "name": "[COLOR lightgreen]View Real Debrid logins",
                "url": "ActivateWindow(10001,plugin://script.module.acctview/?mode=realdebrid,return)"
            },
            {
                "name": "[COLOR orange]View Premiumize logins",
                "url": "ActivateWindow(10001,plugin://script.module.acctview/?mode=premiumize,return)"
            },
            {
                "name": "[COLOR yellow]View All-Debrid Logins",
                "url": "ActivateWindow(10001,plugin://script.module.acctview/?mode=alldebrid,return)"
            },
            {
                "name": "[COLOR red]View Trakt Logins",
                "url": "ActivateWindow(10001,plugin://script.module.acctview/?mode=trakt,return)"
            },	
            {
                "name": "[COLOR green]View TorBox Logins",
                "url": "ActivateWindow(10001,plugin://script.module.acctview/?mode=torbox,return)"
            },	
            {
                "name": "[COLOR blue]View Easy Debrid Logins",
                "url": "ActivateWindow(10001,plugin://script.module.acctview/?mode=easydebrid,return)"
            },				
            {
                "name": "[COLOR lightblue]View OffCloud Logins",
                "url": "ActivateWindow(10001,plugin://script.module.acctview/?mode=offcloud,return)"
            },		
			{
                "name": "[COLOR grey]Revoke Real Debrid",
                "url": "RunScript(script.module.accountmgr, action=realdebridRevoke)"
            },
			{
                "name": "[COLOR grey]Revoke Premiumize",
                "url": "RunScript(script.module.accountmgr, action=premiumizeRevoke)"
            },
			{
                "name": "[COLOR grey]Revoke All Debrid",
                "url": "RunScript(script.module.accountmgr, action=alldebridRevoke)"
            },
			{
                "name": "[COLOR grey]Revoke Trakt",
                "url": "RunScript(script.module.accountmgr, action=traktRevoke)"
            },
			{
                "name": "[COLOR grey]Revoke TorBox",
                "url": "RunScript(script.module.accountmgr, action=torboxRevoke)"
            },	
			{
                "name": "[COLOR grey]Revoke Easy Debrid",
                "url": "RunScript(script.module.accountmgr, action=easydebridRevoke)"
            },
			{
                "name": "[COLOR grey]Revoke Offcloud Debrid",
                "url": "RunScript(script.module.accountmgr, action=offcloudRevoke)"
            },			
            {
                "name": "[COLOR teal]Open Account Manager",
                "url": "addon.opensettings(script.module.accountmgr)"
            }
        ]
    }
}