<addon id="plugin.video.nxtflix" name="NXTFlix" provider-name="Blry12, Tikipeter, [COLOR red]The Red Wizard[/COLOR]" version="1.5">
    <requires>
        <import addon="xbmc.python" version="3.0.0"/>
        <import addon="script.module.requests" version="2.19.1"/>
    </requires>
    <extension library="resources/lib/nxtflix.py" point="xbmc.python.pluginsource">
        <provides>video</provides>
    </extension>
    <extension library="resources/lib/service.py" point="xbmc.service"/>
    <extension library="resources/lib/" point="xbmc.python.module"/>
    <extension point="xbmc.addon.metadata">
        <reuselanguageinvoker>true</reuselanguageinvoker>
        <summary lang="en">Access your content from Furk, Easynews and Debrid Clouds.</summary>
        <description lang="en">This add-on is intended for advanced Kodi users only. You must own the content of any media you play through this addon.</description>
        <platform>all</platform>
		<disclaimer lang="en">The author of this addon does not host any of the content which is found and has no affiliation with any of the content providers.</disclaimer>
        <license>GNU GENERAL PUBLIC LICENSE. Version 3, 29 June 2007</license>
        <assets>
            <icon>resources/media/nxtflix_icon.png</icon>
            <fanart>resources/media/nxtflix_fanart.png</fanart>
        </assets>
        <news>Unofficial updates by [COLOR red]The Red Wizard[/COLOR]. For the latest changes, see the Changelog in NXTFlix > Tools.</news>
    </extension>
</addon>